0	https://www.homeaway.com/vacation-rental/p353201	40.68047429999999	-73.9351033	2
1	https://www.homeaway.com/vacation-rental/p240675	40.680690999999996	-73.935513	2
2	https://www.homeaway.com/vacation-rental/p3926833	40.71194835	-74.00674018	17
3	https://www.homeaway.com/vacation-rental/p3478776	40.745583	-73.991396	13
4	https://www.homeaway.com/vacation-rental/p4227371	40.684658	-73.955302	5
5	https://www.homeaway.com/vacation-rental/p324686	40.68047429999999	-73.9351033	2
6	https://www.homeaway.com/vacation-rental/p750325vb	40.77526714	-73.98715641	2
7	https://www.homeaway.com/vacation-rental/p4249189	40.74987035	-73.9903988	13
8	https://www.homeaway.com/vacation-rental/p3002032	40.828998999999996	-73.9419023	7
9	https://www.homeaway.com/vacation-rental/p337061vb	40.757075	-73.919071	3
10	https://www.homeaway.com/vacation-rental/p864025vb	40.74548198	-73.9875423	11
11	https://www.homeaway.com/vacation-rental/p768013vb	40.7508166	-73.99776137	7
12	https://www.homeaway.com/vacation-rental/p369024	40.757075	-73.919071	3
13	https://www.homeaway.com/vacation-rental/p907166	40.68047429999999	-73.9351033	2
14	https://www.homeaway.com/vacation-rental/p430146vb	40.784721000000005	-73.97540500000001	4
15	https://www.homeaway.com/vacation-rental/p745271vb	40.7622921	-73.99088297	6
16	https://www.homeaway.com/vacation-rental/p4284086	40.67705939	-73.97602535	5
17	https://www.homeaway.com/vacation-rental/p3912836	40.72423619	-73.98044654	0
18	https://www.homeaway.com/vacation-rental/p4076960	40.7237588	-73.9901036	11
19	https://www.homeaway.com/vacation-rental/p4071181	40.71794269	-73.99894291	11
20	https://www.homeaway.com/vacation-rental/p191881vb	40.74556524	-73.98898484	12
21	https://www.homeaway.com/vacation-rental/p310735vb	40.76469574	-73.98448933	9
22	https://www.homeaway.com/vacation-rental/p3501983	40.757075	-73.919071	3
23	https://www.homeaway.com/vacation-rental/p4465752	40.68611457	-73.94449122	3
24	https://www.homeaway.com/vacation-rental/p569846vb	40.72009449	-73.99119056	10
25	https://www.homeaway.com/vacation-rental/p4071048	40.7237588	-73.9901036	11
26	https://www.homeaway.com/vacation-rental/p934284vb	40.762885700000005	-73.98707569999999	10
27	https://www.homeaway.com/vacation-rental/p327144vb	40.78472137	-73.97540283	4
28	https://www.homeaway.com/vacation-rental/p3647953	40.680737	-73.931325	1
29	https://www.homeaway.com/vacation-rental/p4074563	40.7237588	-73.9901036	11
30	https://www.homeaway.com/vacation-rental/p912403	40.730251	-73.993574	9
31	https://www.homeaway.com/vacation-rental/p770325vb	40.77160434	-73.95268083	3
32	https://www.homeaway.com/vacation-rental/p3888704	40.73612355	-73.98825508	8
33	https://www.homeaway.com/vacation-rental/p316778vb	40.76774818	-73.98698514	7
34	https://www.homeaway.com/vacation-rental/p567385vb	40.71757518	-73.98626151	5
35	https://www.homeaway.com/vacation-rental/p3775379	40.746913	-73.99201500000001	11
36	https://www.homeaway.com/vacation-rental/p928820	40.72005789999999	-73.99122811	10
37	https://www.homeaway.com/vacation-rental/p3775367	40.746913	-73.99201500000001	11
38	https://www.homeaway.com/vacation-rental/p4076977	40.7179061	-73.99883829999999	11
39	https://www.homeaway.com/vacation-rental/p168081	40.808679999999995	-73.939335	3
40	https://www.homeaway.com/vacation-rental/p7037963	40.761202000000004	-73.99189100000001	7
41	https://www.homeaway.com/vacation-rental/p849161vb	40.6931595	-73.90554329	2
42	https://www.homeaway.com/vacation-rental/p4222359	40.6709408	-73.9832093	4
43	https://www.homeaway.com/vacation-rental/p439906vb	40.7874571	-73.970078	5
44	https://www.homeaway.com/vacation-rental/p918082	40.7600064	-73.99228609999999	8
45	https://www.homeaway.com/vacation-rental/p4070994	40.71635189	-73.99994023	13
46	https://www.homeaway.com/vacation-rental/p911094	40.808647	-73.944158	4
47	https://www.homeaway.com/vacation-rental/p28568vb	40.78321997	-73.97472255	6
48	https://www.homeaway.com/vacation-rental/p4022268	40.7612432	-73.9918662	7
49	https://www.homeaway.com/vacation-rental/p981772	40.6196354	-74.0310161	2
50	https://www.homeaway.com/vacation-rental/p606863vb	40.7648761	-73.99025970000001	4
51	https://www.homeaway.com/vacation-rental/p328349vb	40.77553558	-73.98139954	5
52	https://www.homeaway.com/vacation-rental/p401878vb	40.72003555	-73.99110413	10
53	https://www.homeaway.com/vacation-rental/p804607vb	40.71099018	-74.00662834	17
54	https://www.homeaway.com/vacation-rental/p4078406	40.71615935	-73.99969082	12
55	https://www.homeaway.com/vacation-rental/p273617vb	40.68111801	-73.99184418	2
56	https://www.homeaway.com/vacation-rental/p325886	40.683248999999996	-73.945645	2
57	https://www.homeaway.com/vacation-rental/p186718vb	40.682608	-73.99657811	2
58	https://www.homeaway.com/vacation-rental/p3755750	40.692506	-73.9434969	2
59	https://www.homeaway.com/vacation-rental/p299499vb	40.765024700000005	-73.9901836	5
60	https://www.homeaway.com/vacation-rental/p794733vb	40.76720538	-73.98351212	10
61	https://www.homeaway.com/vacation-rental/p251702	40.6935816	-73.9976135	4
62	https://www.homeaway.com/vacation-rental/p423025vb	40.731592	-74.00478740000001	4
63	https://www.homeaway.com/vacation-rental/p3021037	40.731592	-74.00478740000001	4
64	https://www.homeaway.com/vacation-rental/p238985	40.80863822	-73.96219254	3
65	https://www.homeaway.com/vacation-rental/p6380108	40.71990967	-73.99118805	11
66	https://www.homeaway.com/vacation-rental/p3863688	40.78305185	-73.97117477	4
67	https://www.homeaway.com/vacation-rental/p672411vb	40.79477531	-73.96590222	4
68	https://www.homeaway.com/vacation-rental/p865151vb	40.71986274	-73.99115837	11
69	https://www.homeaway.com/vacation-rental/p4040856	40.75315	-73.88331	2
70	https://www.homeaway.com/vacation-rental/p477739vb	40.803708	-73.957426	6
71	https://www.homeaway.com/vacation-rental/p3781808	40.82857578	-73.94754517	4
72	https://www.homeaway.com/vacation-rental/p892293vb	40.775110999999995	-73.9886025	2
73	https://www.homeaway.com/vacation-rental/p3021878	40.7353049	-74.005303	6
74	https://www.homeaway.com/vacation-rental/p213941vb	40.77544277	-73.9584148	4
75	https://www.homeaway.com/vacation-rental/p4382456	40.80637039	-73.95506531	6
76	https://www.homeaway.com/vacation-rental/p837734vb	40.7210779	-73.9898944	10
77	https://www.homeaway.com/vacation-rental/p4094982	40.76771242	-73.98154335	9
78	https://www.homeaway.com/vacation-rental/p3629262	40.731994	-74.001926	7
79	https://www.homeaway.com/vacation-rental/p917823	40.6814469	-73.93415279999999	2
80	https://www.homeaway.com/vacation-rental/p692488vb	40.77782669	-73.98350506	4
81	https://www.homeaway.com/vacation-rental/p307264	40.753488	-73.971691	3
82	https://www.homeaway.com/vacation-rental/p982545	40.804507	-73.948995	5
83	https://www.homeaway.com/vacation-rental/p3802571	40.67814262	-73.94202391	2
84	https://www.homeaway.com/vacation-rental/p340236vb	40.76634599	-73.95997417	6
85	https://www.homeaway.com/vacation-rental/p3665995	40.76345818	-73.92807145	3
86	https://www.homeaway.com/vacation-rental/p699042vb	40.671019799999996	-73.94782717	3
87	https://www.homeaway.com/vacation-rental/p3636160	40.768536	-73.954272	2
88	https://www.homeaway.com/vacation-rental/p378543vb	40.67466225	-73.9694245	3
89	https://www.homeaway.com/vacation-rental/p3495141	40.681233	-73.9370859	2
90	https://www.homeaway.com/vacation-rental/p4070616	40.726490000000005	-73.978463	1
91	https://www.homeaway.com/vacation-rental/p811837vb	40.685263899999995	-73.979168	10
92	https://www.homeaway.com/vacation-rental/p573531vb	40.7529407	-73.9742537	4
93	https://www.homeaway.com/vacation-rental/p843231vb	40.7949704	-73.96561240000001	4
94	https://www.homeaway.com/vacation-rental/p851550vb	40.778024	-73.98099350000001	4
95	https://www.homeaway.com/vacation-rental/p321774vb	40.76397464	-73.99341695	2
96	https://www.homeaway.com/vacation-rental/p488877vb	40.787551	-73.970042	5
97	https://www.homeaway.com/vacation-rental/p651432vb	40.67100353	-73.94778425	3
98	https://www.homeaway.com/vacation-rental/p1691113	40.718277	-73.98954	7
99	https://www.homeaway.com/vacation-rental/p4078456	40.71632953	-73.99990536	13
100	https://www.homeaway.com/vacation-rental/p299459	40.739437	-73.992512	9
101	https://www.homeaway.com/vacation-rental/p3480587	40.76378023	-73.92793643	2
102	https://www.homeaway.com/vacation-rental/p3634519	40.804507	-73.948995	5
103	https://www.homeaway.com/vacation-rental/p222655	40.683549799999994	-73.94133640000001	2
104	https://www.homeaway.com/vacation-rental/p588508vb	40.687208	-73.95281700000001	5
105	https://www.homeaway.com/vacation-rental/p487201vb	40.7633273	-73.98782169	10
106	https://www.homeaway.com/vacation-rental/p171767	40.683744700000005	-73.9394583	1
107	https://www.homeaway.com/vacation-rental/p4066963	40.7612432	-73.9918662	7
108	https://www.homeaway.com/vacation-rental/p3777823	40.76846949	-73.95526644	3
109	https://www.homeaway.com/vacation-rental/p3871817	40.6757888	-73.97677549	4
110	https://www.homeaway.com/vacation-rental/p143945	40.710795000000005	-74.0068	17
111	https://www.homeaway.com/vacation-rental/p225739	40.760682	-73.990651	8
112	https://www.homeaway.com/vacation-rental/p3909237	40.835213	-73.93916999999999	6
113	https://www.homeaway.com/vacation-rental/p840284vb	40.658002	-74.001898	2
114	https://www.homeaway.com/vacation-rental/p213414vb	40.67615891	-73.97636414	4
115	https://www.homeaway.com/vacation-rental/p3845697	40.644991999999995	-74.085695	0
116	https://www.homeaway.com/vacation-rental/p424597vb	40.775261	-73.97909399999999	5
117	https://www.homeaway.com/vacation-rental/p6629824	40.71819687	-73.98937988	7
118	https://www.homeaway.com/vacation-rental/p4237373	40.7671561	-73.9833115	10
119	https://www.homeaway.com/vacation-rental/p3645780	40.660517999999996	-73.990144	2
120	https://www.homeaway.com/vacation-rental/p282835vb	40.6377025	-74.0826613	0
121	https://www.homeaway.com/vacation-rental/p976235	40.685827	-73.975637	10
122	https://www.homeaway.com/vacation-rental/p956874	40.764394700000004	-73.9619747	5
123	https://www.homeaway.com/vacation-rental/p3670196	40.79097732	-73.95313299	2
124	https://www.homeaway.com/vacation-rental/p3763816	40.795153000000006	-73.944659	4
125	https://www.homeaway.com/vacation-rental/p3886188	40.6632021	-73.9109767	3
126	https://www.homeaway.com/vacation-rental/p861693vb	40.718399100000006	-73.963233	1
127	https://www.homeaway.com/vacation-rental/p280111vb	40.78755188	-73.97003937	5
128	https://www.homeaway.com/vacation-rental/p4066964	40.7612432	-73.9918662	7
129	https://www.homeaway.com/vacation-rental/p4211208	40.7557045	-73.97050906	4
130	https://www.homeaway.com/vacation-rental/p258641	40.673539	-73.955207	7
131	https://www.homeaway.com/vacation-rental/p4094981	40.7046936	-74.0074978	13
132	https://www.homeaway.com/vacation-rental/p298120vb	40.82376862	-73.95068359	4
133	https://www.homeaway.com/vacation-rental/p3529017	40.76351993	-73.92816354	3
134	https://www.homeaway.com/vacation-rental/p3775387	40.746913	-73.99201500000001	11
135	https://www.homeaway.com/vacation-rental/p771956vb	40.68778292	-73.95401166	3
136	https://www.homeaway.com/vacation-rental/p327954vb	40.681713099999996	-73.99002075	3
137	https://www.homeaway.com/vacation-rental/p639518vb	40.717647899999996	-73.983187	3
138	https://www.homeaway.com/vacation-rental/p1704134	40.7015543	-73.94049694	5
139	https://www.homeaway.com/vacation-rental/p4070899	40.72178651	-73.99779921	13
140	https://www.homeaway.com/vacation-rental/p3790536	40.795153000000006	-73.944659	4
141	https://www.homeaway.com/vacation-rental/p619183vb	40.824545	-73.943974	5
142	https://www.homeaway.com/vacation-rental/p3920899	40.670859	-73.973486	4
143	https://www.homeaway.com/vacation-rental/p176799vb	40.77286214	-73.95713492	5
144	https://www.homeaway.com/vacation-rental/p4074573	40.72641581	-73.97853408	1
145	https://www.homeaway.com/vacation-rental/p3774668	40.683248999999996	-73.945645	2
146	https://www.homeaway.com/vacation-rental/p4093793	40.806838	-73.950618	4
147	https://www.homeaway.com/vacation-rental/p796237vb	40.760745899999996	-73.99203104	7
148	https://www.homeaway.com/vacation-rental/p335506	40.681534	-73.99510699999999	2
149	https://www.homeaway.com/vacation-rental/p282736	40.683248999999996	-73.945645	2
150	https://www.homeaway.com/vacation-rental/p346293vb	40.68770599	-73.97344208	10
151	https://www.homeaway.com/vacation-rental/p470518vb	40.686628999999996	-73.988876	9
152	https://www.homeaway.com/vacation-rental/p763424vb	40.683725	-73.954474	5
153	https://www.homeaway.com/vacation-rental/p3522881	40.7600084	-73.99229040000002	8
154	https://www.homeaway.com/vacation-rental/p337568vb	40.78486172	-73.96881558	3
155	https://www.homeaway.com/vacation-rental/p919036	40.747126	-73.995611	10
156	https://www.homeaway.com/vacation-rental/p4080613	40.74638022	-73.9934427	11
157	https://www.homeaway.com/vacation-rental/p333479	40.764126	-73.931775	1
158	https://www.homeaway.com/vacation-rental/p563534vb	40.764595	-73.987114	7
159	https://www.homeaway.com/vacation-rental/p185700	40.76890333	-73.99089331	2
160	https://www.homeaway.com/vacation-rental/p6286363	40.709491299999996	-73.9514202	6
161	https://www.homeaway.com/vacation-rental/p3505973	40.7952081	-73.9758059	3
162	https://www.homeaway.com/vacation-rental/p677249vb	40.77079789	-73.98360242	4
163	https://www.homeaway.com/vacation-rental/p4155464	40.69480761	-73.95180267	3
164	https://www.homeaway.com/vacation-rental/p68721	40.74515987	-73.90341997	4
165	https://www.homeaway.com/vacation-rental/p808231?uni_id=1366447	40.774502000000005	-73.964477	2
166	https://www.homeaway.com/vacation-rental/p808231	40.774502000000005	-73.964477	2
167	https://www.homeaway.com/vacation-rental/p808231?uni_id=1238572	40.774502000000005	-73.964477	2
168	https://www.homeaway.com/vacation-rental/p1636788	40.77460405	-73.96441401	2
169	https://www.homeaway.com/vacation-rental/p68721?uni_id=1015528	40.74515987	-73.90341997	4
170	https://www.homeaway.com/vacation-rental/p382632	40.725373	-73.979573	1
171	https://www.homeaway.com/vacation-rental/p952457	40.7746	-73.964485	2
172	https://www.homeaway.com/vacation-rental/p64437vb	40.7641734	-73.96742950000001	6
173	https://www.homeaway.com/vacation-rental/p789509vb	40.7641342	-73.9674564	6
174	https://www.homeaway.com/vacation-rental/p666673vb	40.7641342	-73.9674564	6
175	https://www.homeaway.com/vacation-rental/p3689446	40.7606212	-73.9657383	5
176	https://www.homeaway.com/vacation-rental/p3013753	40.763871	-73.987326	8
177	https://www.homeaway.com/vacation-rental/p3495128	40.763871	-73.987326	8
178	https://www.homeaway.com/vacation-rental/p566619vb	40.804063	-73.949129	4
179	https://www.homeaway.com/vacation-rental/p1704134?uni_id=3464101	40.7015543	-73.94049694	5
180	https://www.homeaway.com/vacation-rental/p4226411	40.724716	-73.9511058	2
181	https://www.homeaway.com/vacation-rental/p1704134?uni_id=3283837	40.7015543	-73.94049694	5
182	https://www.homeaway.com/vacation-rental/p743144vb	40.669574	-73.973641	2
183	https://www.homeaway.com/vacation-rental/p837296vb	40.8028837	-73.94634920000001	6
184	https://www.homeaway.com/vacation-rental/p332976vb	40.67973709	-73.97291565	8
185	https://www.homeaway.com/vacation-rental/p3752754	40.680302000000005	-73.957414	4
186	https://www.homeaway.com/vacation-rental/p4071006	40.7612432	-73.9918662	7
187	https://www.homeaway.com/vacation-rental/p364804	40.7601778	-73.9843051	15
188	https://www.homeaway.com/vacation-rental/p3833887	40.78537591	-73.9464395	3
189	https://www.homeaway.com/vacation-rental/p800750vb	40.71337175	-73.90691269	0
190	https://www.homeaway.com/vacation-rental/p472554vb	40.7699713	-73.9517051	2
191	https://www.homeaway.com/vacation-rental/p623487vb	40.75269	-73.972447	3
192	https://www.homeaway.com/vacation-rental/p4164066	40.756603000000005	-73.92234599999999	5
193	https://www.homeaway.com/vacation-rental/p3171626	40.68253446	-73.92292705	4
194	https://www.homeaway.com/vacation-rental/p1005350vb	40.679738	-73.972913	8
195	https://www.homeaway.com/vacation-rental/p990662	40.743404999999996	-73.902015	3
196	https://www.homeaway.com/vacation-rental/p4178249	40.74355	-73.977536	2
197	https://www.homeaway.com/vacation-rental/p4246093	40.74377944	-73.9795699	4
198	https://www.homeaway.com/vacation-rental/p951744	40.68122383	-73.99776936	1
199	https://www.homeaway.com/vacation-rental/p791943vb	40.72203543	-73.97880164	0
200	https://www.homeaway.com/vacation-rental/p370465vb	40.78945564	-73.96931301	4
201	https://www.homeaway.com/vacation-rental/p233358vb	40.78231721	-73.97020098	2
202	https://www.homeaway.com/vacation-rental/p279947vb	40.78337369	-73.97086525	4
203	https://www.homeaway.com/vacation-rental/p3766609	40.746913	-73.99201500000001	11
204	https://www.homeaway.com/vacation-rental/p219082vb	40.74849319	-74.00261688	3
205	https://www.homeaway.com/vacation-rental/p213600	40.748394	-74.002533	3
206	https://www.homeaway.com/vacation-rental/p244867vb	40.80376053	-73.95026398	4
207	https://www.homeaway.com/vacation-rental/p332714	40.72174522	-73.98623513	5
208	https://www.homeaway.com/vacation-rental/p3917628	40.79124126	-73.97391796	4
209	https://www.homeaway.com/vacation-rental/p314662vb	40.78717099	-73.96938575	4
210	https://www.homeaway.com/vacation-rental/p3004865	40.757075	-73.919071	3
211	https://www.homeaway.com/vacation-rental/p646944vb	40.71992368	-73.98534546	6
212	https://www.homeaway.com/vacation-rental/p344739vb	40.71481886	-73.95082504	4
213	https://www.homeaway.com/vacation-rental/p663849vb	40.7709521	-73.9505484	2
214	https://www.homeaway.com/vacation-rental/p4292996	40.72402529	-73.85516436	1
215	https://www.homeaway.com/vacation-rental/p173458	40.80635	-73.949423	4
216	https://www.homeaway.com/vacation-rental/p238809	40.78416824	-73.96891472	3
217	https://www.homeaway.com/vacation-rental/p336625vb	40.802862700000006	-73.9452875	5
218	https://www.homeaway.com/vacation-rental/p385472vb	40.72012926	-73.99580521	12
219	https://www.homeaway.com/vacation-rental/p3507309	40.741828999999996	-74.002178	7
220	https://www.homeaway.com/vacation-rental/p176406	40.78355456	-73.96955768	3
221	https://www.homeaway.com/vacation-rental/p954806	40.750261	-73.997288	8
222	https://www.homeaway.com/vacation-rental/p3471555	40.786381	-73.973435	4
223	https://www.homeaway.com/vacation-rental/p827454vb	40.6839745	-73.99929209999999	1
224	https://www.homeaway.com/vacation-rental/p4163789	40.677173700000004	-73.93832719	2
225	https://www.homeaway.com/vacation-rental/p257423	40.6810275	-73.9305516	1
226	https://www.homeaway.com/vacation-rental/p421615vb	40.79140136	-73.97461847	2
227	https://www.homeaway.com/vacation-rental/p3771379	40.727117	-73.98734499999999	7
228	https://www.homeaway.com/vacation-rental/p3884681	40.68009022	-73.93081301	2
229	https://www.homeaway.com/vacation-rental/p52524vb	40.753540799999996	-73.9716489	3
230	https://www.homeaway.com/vacation-rental/p3466234	40.681088	-73.9349979	2
231	https://www.homeaway.com/vacation-rental/p3866029	40.86576198	-73.92706053	4
232	https://www.homeaway.com/vacation-rental/p4623304	40.63345881	-74.01896176	3
233	https://www.homeaway.com/vacation-rental/p982538	40.804507	-73.948995	5
234	https://www.homeaway.com/vacation-rental/p931932	40.686833	-73.956036	4
235	https://www.homeaway.com/vacation-rental/p271710	40.659358000000005	-73.985187	1
236	https://www.homeaway.com/vacation-rental/p400644vb	40.75918961	-73.98841095	11
237	https://www.homeaway.com/vacation-rental/p917551	40.795153000000006	-73.944659	4
238	https://www.homeaway.com/vacation-rental/p4238638	40.80972934	-73.94644267	3
239	https://www.homeaway.com/vacation-rental/p4303442	40.73927557	-74.00284616	6
240	https://www.homeaway.com/vacation-rental/p4057399	40.76652814	-73.98755043	7
241	https://www.homeaway.com/vacation-rental/p889907vb	40.765024700000005	-73.9901836	5
242	https://www.homeaway.com/vacation-rental/p132232vb	40.74208832	-74.00060272	7
243	https://www.homeaway.com/vacation-rental/p283726vb	40.77794266	-73.95824432	3
244	https://www.homeaway.com/vacation-rental/p3930235	40.76708337	-73.98340097	10
245	https://www.homeaway.com/vacation-rental/p318560vb	40.71481742	-73.95082236	4
246	https://www.homeaway.com/vacation-rental/p4089615	40.7420327	-73.99280309999999	12
247	https://www.homeaway.com/vacation-rental/p4348976	40.7103891	-73.91553026	2
248	https://www.homeaway.com/vacation-rental/p3775369	40.746913	-73.99201500000001	11
249	https://www.homeaway.com/vacation-rental/p4169798	40.74495546	-73.98957851	12
250	https://www.homeaway.com/vacation-rental/p806013vb	40.75389975	-73.96812023	2
251	https://www.homeaway.com/vacation-rental/p4359951	40.76773716	-73.9861944	7
252	https://www.homeaway.com/vacation-rental/p1704134?uni_id=3326602	40.7015543	-73.94049694	5
253	https://www.homeaway.com/vacation-rental/p4168712	40.771961299999994	-73.9606806	3
254	https://www.homeaway.com/vacation-rental/p223692	40.744506099999995	-73.99072840000001	13
255	https://www.homeaway.com/vacation-rental/p3599664	40.78560517	-73.97413263	4
256	https://www.homeaway.com/vacation-rental/p152368vb	40.72188568	-73.99674225	13
257	https://www.homeaway.com/vacation-rental/p774695vb	40.753540799999996	-73.9716489	3
258	https://www.homeaway.com/vacation-rental/p4220995	40.75248435	-73.97573106	5
259	https://www.homeaway.com/vacation-rental/p948877vb	40.75795899	-73.98104451	16
260	https://www.homeaway.com/vacation-rental/p881224vb	40.726557799999995	-73.9536327	2
261	https://www.homeaway.com/vacation-rental/p251068	40.689093799999995	-73.9984426	3
262	https://www.homeaway.com/vacation-rental/p295445	40.637699	-74.082621	0
263	https://www.homeaway.com/vacation-rental/p647922vb	40.83311462	-73.94404896	4
264	https://www.homeaway.com/vacation-rental/p788526vb	40.682715	-73.920216	3
265	https://www.homeaway.com/vacation-rental/p4359501	40.74965108	-73.98872207	13
266	https://www.homeaway.com/vacation-rental/p1036313vb	40.7547549	-73.9706971	4
267	https://www.homeaway.com/vacation-rental/p919247	40.78318	-73.97173599999999	4
268	https://www.homeaway.com/vacation-rental/p1187112	40.80435	-73.946662	5
269	https://www.homeaway.com/vacation-rental/p4261389	40.753240000000005	-73.96658000000001	2
270	https://www.homeaway.com/vacation-rental/p4304484	40.74638196	-73.98394022	9
271	https://www.homeaway.com/vacation-rental/p4241163	40.695563	-73.969581	0
272	https://www.homeaway.com/vacation-rental/p573914vb	40.6839745	-73.99929209999999	1
273	https://www.homeaway.com/vacation-rental/p3835371	40.806793	-73.948543	4
274	https://www.homeaway.com/vacation-rental/p4262961	40.7368501	-73.99094740000001	10
275	https://www.homeaway.com/vacation-rental/p3961666	40.78316701	-73.95193817	4
276	https://www.homeaway.com/vacation-rental/p919101	40.71833	-73.956028	4
277	https://www.homeaway.com/vacation-rental/p214934vb	40.776560499999995	-73.9616334	2
278	https://www.homeaway.com/vacation-rental/p223848	40.7577826	-73.979282	15
279	https://www.homeaway.com/vacation-rental/p6606302	40.77286911	-73.92971039	0
280	https://www.homeaway.com/vacation-rental/p3862077	40.646182	-74.004121	1
281	https://www.homeaway.com/vacation-rental/p767088vb	40.805987	-73.945892	4
282	https://www.homeaway.com/vacation-rental/p4293396	40.72506919	-73.85199784	2
283	https://www.homeaway.com/vacation-rental/p386342	40.74703803	-73.97843781	3
284	https://www.homeaway.com/vacation-rental/p706926vb	40.76590417	-73.96292705	5
285	https://www.homeaway.com/vacation-rental/p707452vb	40.64360403	-73.95506448	4
286	https://www.homeaway.com/vacation-rental/p796236vb	40.76061587	-73.99151605	8
287	https://www.homeaway.com/vacation-rental/p4158459	40.6827373	-73.94887496	4
288	https://www.homeaway.com/vacation-rental/p4382577	40.68951232	-73.92808767	2
289	https://www.homeaway.com/vacation-rental/p298330vb	40.6684761	-73.98191071	3
290	https://www.homeaway.com/vacation-rental/p648331vb	40.72709469	-73.97711729	1
291	https://www.homeaway.com/vacation-rental/p4163790	40.67751137	-73.93831646	2
292	https://www.homeaway.com/vacation-rental/p3817461	40.639451	-73.91671590000001	0
293	https://www.homeaway.com/vacation-rental/p686915vb	40.797621899999996	-73.96249399999999	4
294	https://www.homeaway.com/vacation-rental/p3961433	40.644991999999995	-74.085695	0
295	https://www.homeaway.com/vacation-rental/p3880317	40.75669088	-73.96665375	4
296	https://www.homeaway.com/vacation-rental/p289021vb	40.681986	-73.992124	2
297	https://www.homeaway.com/vacation-rental/p251446	40.732648	-73.994914	9
298	https://www.homeaway.com/vacation-rental/p729296vb	40.78675759	-73.96900445	4
299	https://www.homeaway.com/vacation-rental/p4059179	40.685715	-73.924009	2
300	https://www.homeaway.com/vacation-rental/p4094978	40.77858375	-73.95288115	3
301	https://www.homeaway.com/vacation-rental/p4219904	40.752382	-73.88353199999999	2
302	https://www.homeaway.com/vacation-rental/p193625	40.7593623	-73.9881006	11
303	https://www.homeaway.com/vacation-rental/p199236vb	40.76109474	-73.98228073	14
304	https://www.homeaway.com/vacation-rental/p3670197	40.78254929	-73.95134898	4
305	https://www.homeaway.com/vacation-rental/p3775325	40.746913	-73.99201500000001	11
306	https://www.homeaway.com/vacation-rental/p158702vb	40.78867218	-73.97087038	5
307	https://www.homeaway.com/vacation-rental/p3750623	40.68028573	-73.95743546	4
308	https://www.homeaway.com/vacation-rental/p3763827	40.795153000000006	-73.944659	4
309	https://www.homeaway.com/vacation-rental/p864813vb	40.7429356	-74.00282659999999	6
310	https://www.homeaway.com/vacation-rental/p3698414	40.6924	-73.967	2
311	https://www.homeaway.com/vacation-rental/p3775320	40.746913	-73.99201500000001	11
312	https://www.homeaway.com/vacation-rental/p3892835	40.77812702	-73.97531558	5
313	https://www.homeaway.com/vacation-rental/p779892vb	40.7139771	-73.9936639	7
314	https://www.homeaway.com/vacation-rental/p790395vb	40.771096	-73.95408690000001	3
315	https://www.homeaway.com/vacation-rental/p922743	40.817921000000005	-73.94649100000001	4
316	https://www.homeaway.com/vacation-rental/p3763854	40.795153000000006	-73.944659	4
317	https://www.homeaway.com/vacation-rental/p3967743	40.779255	-73.985884	3
318	https://www.homeaway.com/vacation-rental/p837748vb	40.7165929	-73.9980982	10
319	https://www.homeaway.com/vacation-rental/p384590	40.683951	-73.939479	1
320	https://www.homeaway.com/vacation-rental/p767573vb	40.6794616	-73.9899067	2
321	https://www.homeaway.com/vacation-rental/p3861457	40.68914616	-73.91520883	2
322	https://www.homeaway.com/vacation-rental/p169911	40.71892894	-74.00178053	14
323	https://www.homeaway.com/vacation-rental/p3774612	40.76765467	-73.96739127	6
324	https://www.homeaway.com/vacation-rental/p4255107	40.73890004	-74.00353342	5
325	https://www.homeaway.com/vacation-rental/p4235489	40.74067429	-74.00040229	7
326	https://www.homeaway.com/vacation-rental/p381252	40.692555	-73.954504	3
327	https://www.homeaway.com/vacation-rental/p4244762	40.73019532	-74.00615999	4
328	https://www.homeaway.com/vacation-rental/p426972vb	40.765263299999994	-73.98869268	7
329	https://www.homeaway.com/vacation-rental/p570210vb	40.762186	-73.989141	9
330	https://www.homeaway.com/vacation-rental/p503899vb	40.738143	-73.997102	10
331	https://www.homeaway.com/vacation-rental/p4258897	40.761847700000004	-73.98584659999999	12
332	https://www.homeaway.com/vacation-rental/p4235603	40.733152399999994	-74.0069567	3
333	https://www.homeaway.com/vacation-rental/p4070346	40.76724	-73.98951600000001	4
334	https://www.homeaway.com/vacation-rental/p667023vb	40.7210901	-73.97942335	2
335	https://www.homeaway.com/vacation-rental/p7343	40.65642011	-73.97699833	2
336	https://www.homeaway.com/vacation-rental/p352989vb	40.71096420000001	-73.96678162	1
337	https://www.homeaway.com/vacation-rental/p4085007	40.761985700000004	-73.985676	12
338	https://www.homeaway.com/vacation-rental/p281594	40.747126	-73.995611	10
339	https://www.homeaway.com/vacation-rental/p961902	40.7328865	-74.0040181	7
340	https://www.homeaway.com/vacation-rental/p4203349	40.73458572	-73.989347	8
341	https://www.homeaway.com/vacation-rental/p3788401	40.680659000000006	-73.91198	7
342	https://www.homeaway.com/vacation-rental/p327062	40.668752000000005	-73.981401	3
343	https://www.homeaway.com/vacation-rental/p3866062	40.7399	-73.980389	4
344	https://www.homeaway.com/vacation-rental/p6666084	40.74471283	-73.97719574	2
345	https://www.homeaway.com/vacation-rental/p3913036	40.77005849	-73.9946199	0
346	https://www.homeaway.com/vacation-rental/p478286vb	40.768825	-73.95560390000001	3
347	https://www.homeaway.com/vacation-rental/p3876369	40.809419	-73.946696	3
348	https://www.homeaway.com/vacation-rental/p660684vb	40.74074	-73.83045190000001	0
349	https://www.homeaway.com/vacation-rental/p4207471	40.66613652	-73.93089483	2
350	https://www.homeaway.com/vacation-rental/p4057003	40.735114	-74.000658	6
351	https://www.homeaway.com/vacation-rental/p4088340	40.64680085	-74.08198492	0
352	https://www.homeaway.com/vacation-rental/p4138994	40.733152399999994	-74.0069567	3
353	https://www.homeaway.com/vacation-rental/p824643vb	40.7747187	-73.98105376	5
354	https://www.homeaway.com/vacation-rental/p185371vb	40.75936127	-73.98809814	11
355	https://www.homeaway.com/vacation-rental/p3960904	40.76231028	-73.96251108	6
356	https://www.homeaway.com/vacation-rental/p4325781	40.80287088	-73.95267936	5
357	https://www.homeaway.com/vacation-rental/p993020	40.804507	-73.948995	5
358	https://www.homeaway.com/vacation-rental/p3845424	40.652153999999996	-73.974579	1
359	https://www.homeaway.com/vacation-rental/p688808vb	40.70950581	-73.96863965	0
360	https://www.homeaway.com/vacation-rental/p4315211	40.754537	-73.772785	0
361	https://www.homeaway.com/vacation-rental/p3903424	40.77526487	-73.95116953	3
362	https://www.homeaway.com/vacation-rental/p333327	40.726675	-73.978189	1
363	https://www.homeaway.com/vacation-rental/p3522485	40.744021999999994	-73.982493	5
364	https://www.homeaway.com/vacation-rental/p901067vb	40.78807443	-73.97547215	5
365	https://www.homeaway.com/vacation-rental/p994618vb	40.674981	-73.940651	2
366	https://www.homeaway.com/vacation-rental/p157019	40.6788319	-73.9506774	4
367	https://www.homeaway.com/vacation-rental/p3671072	40.78027	-73.94649	4
368	https://www.homeaway.com/vacation-rental/p3775308	40.746913	-73.99201500000001	11
369	https://www.homeaway.com/vacation-rental/p3921643	40.675604	-73.931179	2
370	https://www.homeaway.com/vacation-rental/p1704134?uni_id=3307133	40.7015543	-73.94049694	5
371	https://www.homeaway.com/vacation-rental/p691533vb	40.80714415	-73.9484064	4
372	https://www.homeaway.com/vacation-rental/p389187	40.71072103	-73.91534376	1
373	https://www.homeaway.com/vacation-rental/p511544vb	40.71873373	-73.99201665	11
374	https://www.homeaway.com/vacation-rental/p280426	40.70785305	-73.91172031	2
375	https://www.homeaway.com/vacation-rental/p711507vb	40.723015999999994	-73.996123	11
376	https://www.homeaway.com/vacation-rental/p1393250a	40.74100341	-73.9819827	5
377	https://www.homeaway.com/vacation-rental/p783356vb	40.67468	-73.96842590000001	3
378	https://www.homeaway.com/vacation-rental/p4082338	40.72281629999999	-73.947926	1
379	https://www.homeaway.com/vacation-rental/p817608vb	40.587734999999995	-73.8000565	1
380	https://www.homeaway.com/vacation-rental/p203416	40.6819163	-73.9357543	2
381	https://www.homeaway.com/vacation-rental/p297781vb	40.68027393	-73.98857039	3
382	https://www.homeaway.com/vacation-rental/p607541vb	40.835116	-73.938952	6
383	https://www.homeaway.com/vacation-rental/p618632vb	40.76413085	-73.98255095	11
384	https://www.homeaway.com/vacation-rental/p4336203	40.762938	-73.963435	6
385	https://www.homeaway.com/vacation-rental/p350772	40.6805	-73.9392	2
386	https://www.homeaway.com/vacation-rental/p372173	40.70824232	-73.91533787	2
387	https://www.homeaway.com/vacation-rental/p949923	40.673539	-73.955207	7
388	https://www.homeaway.com/vacation-rental/p787853vb	40.7217022	-74.00214705	13
389	https://www.homeaway.com/vacation-rental/p4359721	40.79264667	-73.96954949	5
390	https://www.homeaway.com/vacation-rental/p256524	40.6810338	-73.9371392	2
391	https://www.homeaway.com/vacation-rental/p361143vb	40.82404709	-73.95133972	3
392	https://www.homeaway.com/vacation-rental/p453164vb	40.8168968	-73.94331890000001	3
393	https://www.homeaway.com/vacation-rental/p4166536	40.76120416	-73.98989395	10
394	https://www.homeaway.com/vacation-rental/p926434vb	40.804038	-73.949072	4
395	https://www.homeaway.com/vacation-rental/p180306vb	40.7470508	-73.98759258	12
396	https://www.homeaway.com/vacation-rental/p275597	40.71091844	-73.91045743	0
397	https://www.homeaway.com/vacation-rental/p299016	40.736108200000004	-73.98072890000002	3
398	https://www.homeaway.com/vacation-rental/p374236vb	40.80880749	-73.95138921	4
399	https://www.homeaway.com/vacation-rental/p3790904	40.70529636	-74.00992179	14
400	https://www.homeaway.com/vacation-rental/p3817456	40.7399148	-73.98038000000001	4
401	https://www.homeaway.com/vacation-rental/p792134vb	40.77964195	-73.98633382	3
402	https://www.homeaway.com/vacation-rental/p332389vb	40.75505066	-73.97247314	4
403	https://www.homeaway.com/vacation-rental/p3872273	40.68760917	-73.92469983	3
404	https://www.homeaway.com/vacation-rental/p4172633	40.74065843	-73.9907969	11
405	https://www.homeaway.com/vacation-rental/p4495028	40.747761700000005	-73.99104082	12
406	https://www.homeaway.com/vacation-rental/p931006	40.683113	-73.933788	2
407	https://www.homeaway.com/vacation-rental/p3767959	40.703561	-74.010173	12
408	https://www.homeaway.com/vacation-rental/p3915740	40.841205	-73.93994029999999	4
409	https://www.homeaway.com/vacation-rental/p817472vb	40.7163217	-73.99136290000001	7
410	https://www.homeaway.com/vacation-rental/p826174vb	40.77766131	-73.98336479999999	4
411	https://www.homeaway.com/vacation-rental/p4359270	40.73759067	-73.98702415	7
412	https://www.homeaway.com/vacation-rental/p778488vb	40.79972542	-73.96178758	6
413	https://www.homeaway.com/vacation-rental/p4078229	40.8028619	-73.9462976	5
414	https://www.homeaway.com/vacation-rental/p909624	40.7460846	-73.8892348	6
415	https://www.homeaway.com/vacation-rental/p595934vb	40.58839766	-73.80563188	1
416	https://www.homeaway.com/vacation-rental/p3794659	40.65286076	-74.00341682	2
417	https://www.homeaway.com/vacation-rental/p4194578	40.7333533	-74.0037877	7
418	https://www.homeaway.com/vacation-rental/p3856081	40.685956	-73.937607	1
419	https://www.homeaway.com/vacation-rental/p4064965	40.687208	-73.95281700000001	5
420	https://www.homeaway.com/vacation-rental/p4533702	40.74862913	-73.98963968	13
421	https://www.homeaway.com/vacation-rental/p3842294	40.683015000000005	-73.928208	2
422	https://www.homeaway.com/vacation-rental/p3881829	40.784815	-73.971684	4
423	https://www.homeaway.com/vacation-rental/p4071007	40.7612432	-73.9918662	7
424	https://www.homeaway.com/vacation-rental/p784842vb	40.8152657	-73.9420753	3
425	https://www.homeaway.com/vacation-rental/p4245208	40.6688382	-73.9886374	5
426	https://www.homeaway.com/vacation-rental/p4505375	40.716311700000006	-73.99986740000001	13
427	https://www.homeaway.com/vacation-rental/p328941	40.824391	-73.944087	5
428	https://www.homeaway.com/vacation-rental/p3850360	40.7473209	-73.9878645	12
429	https://www.homeaway.com/vacation-rental/p3919019	40.681164	-73.91443199999999	5
430	https://www.homeaway.com/vacation-rental/p891173vb	40.7377438	-73.98311149999999	6
431	https://www.homeaway.com/vacation-rental/p990943vb	40.7340656	-74.00055640000001	7
432	https://www.homeaway.com/vacation-rental/p940119	40.76871	-73.91405300000001	3
433	https://www.homeaway.com/vacation-rental/p706118vb	40.761331	-73.99108690000001	7
434	https://www.homeaway.com/vacation-rental/p4108984	40.679884	-73.909836	7
435	https://www.homeaway.com/vacation-rental/p884861vb	40.76912	-73.98155809999999	7
436	https://www.homeaway.com/vacation-rental/p4438441	40.72704278	-74.00408489	9
437	https://www.homeaway.com/vacation-rental/p4463753	40.75709125	-73.91906027	3
438	https://www.homeaway.com/vacation-rental/p1093021vb	40.75595826	-73.96966754	6
439	https://www.homeaway.com/vacation-rental/p333164vb	40.768417299999996	-73.77080190000001	0
440	https://www.homeaway.com/vacation-rental/p931542	40.808503	-73.942644	3
441	https://www.homeaway.com/vacation-rental/p941199	40.757684000000005	-73.979336	15
442	https://www.homeaway.com/vacation-rental/p3883403	40.65985457	-73.95707185	4
443	https://www.homeaway.com/vacation-rental/p729960vb	40.79242331	-73.93904275	3
444	https://www.homeaway.com/vacation-rental/p4206309	40.79976603	-73.96148717	6
445	https://www.homeaway.com/vacation-rental/p3795240	40.687909999999995	-73.947334	1
446	https://www.homeaway.com/vacation-rental/p3967128	40.68415012	-73.93175714	1
447	https://www.homeaway.com/vacation-rental/p4291906	40.775110999999995	-73.9886025	2
448	https://www.homeaway.com/vacation-rental/p4486162	40.61180545	-73.92558985	0
449	https://www.homeaway.com/vacation-rental/p248004vb	40.74893529999999	-73.9765458	3
450	https://www.homeaway.com/vacation-rental/p266219vb	40.76210395	-73.97932179	11
451	https://www.homeaway.com/vacation-rental/p270136	40.760584	-73.984565	15
452	https://www.homeaway.com/vacation-rental/p368228	40.581643	-73.96392	2
453	https://www.homeaway.com/vacation-rental/p357979vb	40.709199	-73.805142	2
454	https://www.homeaway.com/vacation-rental/p3496092	40.68081	-73.93689300000001	2
455	https://www.homeaway.com/vacation-rental/p3724615	40.742213	-73.82126600000001	0
456	https://www.homeaway.com/vacation-rental/p3698807	40.757888	-73.992664	10
457	https://www.homeaway.com/vacation-rental/p598550vb	40.665948	-73.987153	4
458	https://www.homeaway.com/vacation-rental/p4280794	40.678238	-73.995754	2
459	https://www.homeaway.com/vacation-rental/p4306397	40.66798319	-73.93422274	2
460	https://www.homeaway.com/vacation-rental/p923363	40.756488	-73.917349	2
461	https://www.homeaway.com/vacation-rental/p941115	40.889681	-73.8318929	1
462	https://www.homeaway.com/vacation-rental/p3523237	40.784873600000005	-73.9561292	3
463	https://www.homeaway.com/vacation-rental/p3650544	40.67155929	-73.94120498	1
464	https://www.homeaway.com/vacation-rental/p666055vb	40.68735855	-73.98999638	8
465	https://www.homeaway.com/vacation-rental/p892233vb	40.72056025	-73.98219427	2
466	https://www.homeaway.com/vacation-rental/p186694	40.6823611	-73.9318189	1
467	https://www.homeaway.com/vacation-rental/p356257vb	40.762394	-73.76871700000001	0
468	https://www.homeaway.com/vacation-rental/p422253vb	40.7212085	-73.99449859999999	12
469	https://www.homeaway.com/vacation-rental/p3943329	40.68235	-73.936386	2
470	https://www.homeaway.com/vacation-rental/p193339	40.70808628	-73.91134448	2
471	https://www.homeaway.com/vacation-rental/p228204vb	40.77400705	-73.9892478	1
472	https://www.homeaway.com/vacation-rental/p367973vb	40.7283287	-73.98394012	5
473	https://www.homeaway.com/vacation-rental/p3787593	40.829788	-73.94337890000001	6
474	https://www.homeaway.com/vacation-rental/p3789246	40.64860406	-74.08404087	0
475	https://www.homeaway.com/vacation-rental/p4426905	40.77055569	-73.98418843	4
476	https://www.homeaway.com/vacation-rental/p4536180	40.73140177	-73.99747459999999	10
477	https://www.homeaway.com/vacation-rental/p207278	40.760682	-73.990651	8
478	https://www.homeaway.com/vacation-rental/p233639vb	40.72418213	-73.98899078	11
479	https://www.homeaway.com/vacation-rental/p321592vb	40.71481311	-73.95082236	4
480	https://www.homeaway.com/vacation-rental/p330489vb	40.7348753	-73.9892251	8
481	https://www.homeaway.com/vacation-rental/p674073vb	40.68728274	-73.92433199	3
482	https://www.homeaway.com/vacation-rental/p708601vb	40.78797597	-73.94838834	3
483	https://www.homeaway.com/vacation-rental/p3975864	40.76625383	-73.99096427	2
484	https://www.homeaway.com/vacation-rental/p4025887	40.67422	-73.95577	7
485	https://www.homeaway.com/vacation-rental/p796245vb	40.75328072	-73.97139141	3
486	https://www.homeaway.com/vacation-rental/p336999vb	40.74205973	-73.97575129	2
487	https://www.homeaway.com/vacation-rental/p3692352	40.78187693	-73.94596002	3
488	https://www.homeaway.com/vacation-rental/p618804vb	40.681036999999996	-73.938841	2
489	https://www.homeaway.com/vacation-rental/p813340vb	40.668781	-73.884936	4
490	https://www.homeaway.com/vacation-rental/p4221127	40.7405934	-73.9907969	11
491	https://www.homeaway.com/vacation-rental/p4302153	40.76548197	-73.9842035	9
492	https://www.homeaway.com/vacation-rental/p4352066	40.585532	-73.813502	2
493	https://www.homeaway.com/vacation-rental/p3966263	40.760703899999996	-73.988765	11
494	https://www.homeaway.com/vacation-rental/p777879vb	40.723962	-73.99339300000001	10
495	https://www.homeaway.com/vacation-rental/p4086853	40.78067999	-73.95207715	4
496	https://www.homeaway.com/vacation-rental/p4254561	40.68743054	-73.95283601	3
497	https://www.homeaway.com/vacation-rental/p4274784	40.67818433	-73.99545805	2
498	https://www.homeaway.com/vacation-rental/p4349251	40.8226199	-73.93110283	6
499	https://www.homeaway.com/vacation-rental/p4531126	40.75221456	-73.9668037	2
500	https://www.homeaway.com/vacation-rental/p820825vb	40.75052321	-73.99695822	8
501	https://www.homeaway.com/vacation-rental/p4211163	40.75913105	-73.92934551	5
502	https://www.homeaway.com/vacation-rental/p4336227	40.7273908	-73.9834466	4
503	https://www.homeaway.com/vacation-rental/p4359720	40.79551038	-73.9684276	4
504	https://www.homeaway.com/vacation-rental/p753953vb	40.7444739	-73.993153	12
505	https://www.homeaway.com/vacation-rental/p766016vb	40.7657968	-73.9875562	7
506	https://www.homeaway.com/vacation-rental/p254451	40.726280700000004	-73.95520490000001	2
507	https://www.homeaway.com/vacation-rental/p4236799	40.749995399999996	-73.98398785	13
508	https://www.homeaway.com/vacation-rental/p3970657	40.761847700000004	-73.98584659999999	12
509	https://www.homeaway.com/vacation-rental/p570218vb	40.75903598	-73.9674891	6
510	https://www.homeaway.com/vacation-rental/p453034vb	40.830538	-73.94589599999999	6
511	https://www.homeaway.com/vacation-rental/p610836vb	40.714042	-73.987557	4
512	https://www.homeaway.com/vacation-rental/p660997vb	40.825992	-73.94480899999999	4
513	https://www.homeaway.com/vacation-rental/p240388	40.82446646	-73.94255978	5
514	https://www.homeaway.com/vacation-rental/p416581	40.68293	-73.954898	4
515	https://www.homeaway.com/vacation-rental/p3495025	40.67930919	-73.96463249	6
516	https://www.homeaway.com/vacation-rental/p453419vb	40.747677	-74.00149499999999	4
517	https://www.homeaway.com/vacation-rental/p4503606	40.7793757	-73.97525798	4
518	https://www.homeaway.com/vacation-rental/p164889vb	40.77238464	-73.98077393	6
519	https://www.homeaway.com/vacation-rental/p210531	40.665353	-73.9939921	4
520	https://www.homeaway.com/vacation-rental/p240400	40.82381628	-73.94641833	5
521	https://www.homeaway.com/vacation-rental/p3491144	40.760244	-73.717789	0
522	https://www.homeaway.com/vacation-rental/p1187112?uni_id=1532586	40.80435	-73.946662	5
523	https://www.homeaway.com/vacation-rental/p766507vb	40.677929	-73.999374	2
524	https://www.homeaway.com/vacation-rental/p4290709	40.73585178	-73.99967827	7
525	https://www.homeaway.com/vacation-rental/p4521745	40.769472	-73.956476	3
526	https://www.homeaway.com/vacation-rental/p568018vb	40.680554	-74.00950300000001	0
527	https://www.homeaway.com/vacation-rental/p1608032	40.747553	-73.903276	4
528	https://www.homeaway.com/vacation-rental/p1056148vb	40.74367633	-73.97780505	2
529	https://www.homeaway.com/vacation-rental/p959240	40.71869307	-73.8189391	0
530	https://www.homeaway.com/vacation-rental/p902325a	40.8077268	-73.96534799999999	2
531	https://www.homeaway.com/vacation-rental/p3598168	40.720923	-73.98976809999999	10
532	https://www.homeaway.com/vacation-rental/p1934078	40.739661	-74.001547	7
533	https://www.homeaway.com/vacation-rental/p795508vb	40.689656	-73.931554	2
534	https://www.homeaway.com/vacation-rental/p6546956	40.719099	-73.99060531	7
535	https://www.homeaway.com/vacation-rental/p986883vb	40.79355848	-73.96824101	4
536	https://www.homeaway.com/vacation-rental/p978991	40.752263	-73.986315	15
537	https://www.homeaway.com/vacation-rental/p3587458	40.646801	-74.080134	0
538	https://www.homeaway.com/vacation-rental/p706320vb	40.717647899999996	-73.983187	3
539	https://www.homeaway.com/vacation-rental/p840233vb	40.81385224	-73.94672508	4
540	https://www.homeaway.com/vacation-rental/p839712vb	40.73079768	-74.00902962	4
541	https://www.homeaway.com/vacation-rental/p4284881	40.761847700000004	-73.98584659999999	12
542	https://www.homeaway.com/vacation-rental/p4497321	40.769785799999994	-73.9582108	3
543	https://www.homeaway.com/vacation-rental/p473582vb	40.72418546	-73.98894397	11
544	https://www.homeaway.com/vacation-rental/p496256vb	40.80464	-73.949299	5
545	https://www.homeaway.com/vacation-rental/p3949229	40.5914968	-74.08101690000001	0
546	https://www.homeaway.com/vacation-rental/p760160vb	40.80848882	-73.93935236	3
547	https://www.homeaway.com/vacation-rental/p3763220	40.7537148	-73.93559090000001	6
548	https://www.homeaway.com/vacation-rental/p4274279	40.835794	-73.941828	6
549	https://www.homeaway.com/vacation-rental/p4354468	40.829703	-73.889269	3
550	https://www.homeaway.com/vacation-rental/p362596vb	40.74583435	-73.85866547	2
551	https://www.homeaway.com/vacation-rental/p466472vb	40.74269613	-73.95428681	3
552	https://www.homeaway.com/vacation-rental/p3870026	40.78639087	-73.97710183	4
553	https://www.homeaway.com/vacation-rental/p3895014	40.795153000000006	-73.944659	4
554	https://www.homeaway.com/vacation-rental/p4365913	40.687427	-73.935402	0
555	https://www.homeaway.com/vacation-rental/p4465682	40.76258215	-73.98845394	9
556	https://www.homeaway.com/vacation-rental/p4585433	40.79464655	-73.94321887	3
557	https://www.homeaway.com/vacation-rental/p7069642	40.827892999999996	-73.950486	3
558	https://www.homeaway.com/vacation-rental/p350493vb	40.73083496	-73.98056793	2
559	https://www.homeaway.com/vacation-rental/p397361	40.737029	-73.998813	7
560	https://www.homeaway.com/vacation-rental/p3672592	40.73095196	-73.98240652	3
561	https://www.homeaway.com/vacation-rental/p3775440	40.644665	-74.0843189	0
562	https://www.homeaway.com/vacation-rental/p622404vb	40.779632	-73.952842	4
563	https://www.homeaway.com/vacation-rental/p4053229	40.67327	-73.88428	5
564	https://www.homeaway.com/vacation-rental/p4227766	40.72812395	-74.00460954	6
565	https://www.homeaway.com/vacation-rental/p4268848	40.69877879999999	-73.94036700000001	2
566	https://www.homeaway.com/vacation-rental/p1056387vb	40.74367633	-73.97778359	2
567	https://www.homeaway.com/vacation-rental/p398313	40.714149	-73.958348	4
568	https://www.homeaway.com/vacation-rental/p3582082	40.71161146	-73.81649007	1
569	https://www.homeaway.com/vacation-rental/p578530vb	40.817918	-73.94455490000001	4
570	https://www.homeaway.com/vacation-rental/p3905863	40.74484963	-73.99154129	12
571	https://www.homeaway.com/vacation-rental/p3877384	40.81682145	-73.94315824	3
572	https://www.homeaway.com/vacation-rental/p4080876	40.76939792	-73.95192415	1
573	https://www.homeaway.com/vacation-rental/p4108955	40.685970000000005	-73.983868	11
574	https://www.homeaway.com/vacation-rental/p4271420	40.797970899999996	-73.961354	5
575	https://www.homeaway.com/vacation-rental/p4164072	40.7592611	-73.9165394	2
576	https://www.homeaway.com/vacation-rental/p252998	40.634581299999994	-74.0785319	0
577	https://www.homeaway.com/vacation-rental/p256528	40.58177620000001	-73.96428809999999	2
578	https://www.homeaway.com/vacation-rental/p823055vb	40.777921299999996	-73.98336479999999	4
579	https://www.homeaway.com/vacation-rental/p4156512	40.576404600000004	-73.9851604	2
580	https://www.homeaway.com/vacation-rental/p919420vb	40.73467759	-73.9975415	9
581	https://www.homeaway.com/vacation-rental/p4474098	40.60208529	-73.94954992	1
582	https://www.homeaway.com/vacation-rental/p4547384	40.74240623	-73.97340156	0
583	https://www.homeaway.com/vacation-rental/p104051vb	40.76016998	-73.98479462	15
584	https://www.homeaway.com/vacation-rental/p927525	40.748426	-74.002516	3
585	https://www.homeaway.com/vacation-rental/p392030vb	40.74660849	-74.00262387	4
586	https://www.homeaway.com/vacation-rental/p3925010	40.6918859	-73.935764	2
587	https://www.homeaway.com/vacation-rental/p4362611	40.82015184	-73.94256635	5
588	https://www.homeaway.com/vacation-rental/p3809944	40.82338370000001	-73.9497011	4
589	https://www.homeaway.com/vacation-rental/p4166060	40.7580216	-73.9812974	16
590	https://www.homeaway.com/vacation-rental/p1031174vb	40.753540799999996	-73.9716489	3
591	https://www.homeaway.com/vacation-rental/p3761978	40.795153000000006	-73.944659	4
592	https://www.homeaway.com/vacation-rental/p675104vb	40.72325592	-73.9926844	10
593	https://www.homeaway.com/vacation-rental/p4075848	40.756062	-73.93193717	3
594	https://www.homeaway.com/vacation-rental/p894906vb	40.682107	-73.94248499999999	2
595	https://www.homeaway.com/vacation-rental/p898962vb	40.75238246	-73.98972838	13
596	https://www.homeaway.com/vacation-rental/p4314866	40.6203846	-74.0302803	2
597	https://www.homeaway.com/vacation-rental/p3993902	40.79467	-73.966654	4
598	https://www.homeaway.com/vacation-rental/p4200536	40.775449	-73.948707	2
599	https://www.homeaway.com/vacation-rental/p922132vb	40.6014651	-73.97367259999999	4
600	https://www.homeaway.com/vacation-rental/p4352959	40.813666999999995	-73.946368	4
601	https://www.homeaway.com/vacation-rental/p4428678	40.88337452	-73.90693033	2
602	https://www.homeaway.com/vacation-rental/p4325766	40.79986834	-73.94676640000002	4
603	https://www.homeaway.com/vacation-rental/p4467828	40.806858	-73.94873729	4
604	https://www.homeaway.com/vacation-rental/p3506720	40.771468	-73.955316	3
605	https://www.homeaway.com/vacation-rental/p3884121	40.70586753	-73.83041490000001	1
606	https://www.homeaway.com/vacation-rental/p652658vb	40.76938237	-73.93162376	0
607	https://www.homeaway.com/vacation-rental/p715876vb	40.67253971	-73.97642183	4
608	https://www.homeaway.com/vacation-rental/p4473310	40.75942118	-73.96863616	6
609	https://www.homeaway.com/vacation-rental/p4458287	40.76422265	-73.98316058	11
610	https://www.homeaway.com/vacation-rental/p1066516vb	40.7238922	-73.99346820000001	10
611	https://www.homeaway.com/vacation-rental/p4359718	40.77445487	-73.95593927	4
612	https://www.homeaway.com/vacation-rental/p481796vb	40.681954	-73.989216	3
613	https://www.homeaway.com/vacation-rental/p4076030	40.77377897	-73.95958447	4
614	https://www.homeaway.com/vacation-rental/p4265707	40.72029379999999	-73.9423566	1
615	https://www.homeaway.com/vacation-rental/p4359173	40.74903199	-73.97020219	1
616	https://www.homeaway.com/vacation-rental/p4359960	40.75035524	-73.99392827	11
617	https://www.homeaway.com/vacation-rental/p1029133vb	40.610738	-74.011765	0
618	https://www.homeaway.com/vacation-rental/p4032763	40.6875	-73.838336	2
619	https://www.homeaway.com/vacation-rental/p4040288	40.68127	-73.93042	1
620	https://www.homeaway.com/vacation-rental/p835146vb	40.74835009	-73.97680329	3
621	https://www.homeaway.com/vacation-rental/p4176311	40.686225	-73.968132	6
622	https://www.homeaway.com/vacation-rental/p4463471	40.78312003	-73.97288395	4
623	https://www.homeaway.com/vacation-rental/p4567317	40.71215547	-73.95934964	4
624	https://www.homeaway.com/vacation-rental/p242032	40.682615999999996	-73.9492822	4
625	https://www.homeaway.com/vacation-rental/p452674vb	40.778207	-73.983402	4
626	https://www.homeaway.com/vacation-rental/p676253vb	40.62782703	-74.15856457	0
627	https://www.homeaway.com/vacation-rental/p778598vb	40.66183578	-73.98978119	2
628	https://www.homeaway.com/vacation-rental/p4117266	40.769017	-73.770619	0
629	https://www.homeaway.com/vacation-rental/p4223498	40.711257	-73.961742	2
630	https://www.homeaway.com/vacation-rental/p4487099	40.76457146	-73.92487957	2
631	https://www.homeaway.com/vacation-rental/p503902vb	40.7545865	-73.99834399999999	5
632	https://www.homeaway.com/vacation-rental/p3780592	40.739047	-73.9791253	2
633	https://www.homeaway.com/vacation-rental/p4077476	40.708166	-73.82802099999999	2
634	https://www.homeaway.com/vacation-rental/p798582vb	40.8152657	-73.9420753	3
635	https://www.homeaway.com/vacation-rental/p4447731	40.72084772	-73.90949233	0
636	https://www.homeaway.com/vacation-rental/p4451800	40.74634553	-73.99724464	9
637	https://www.homeaway.com/vacation-rental/p1066515vb	40.7406184	-73.9800907	4
638	https://www.homeaway.com/vacation-rental/p1076218vb	40.67953151	-73.97059825	6
639	https://www.homeaway.com/vacation-rental/p367956	40.674329	-73.958989	5
640	https://www.homeaway.com/vacation-rental/p608688vb	40.8238119	-73.9507859	4
641	https://www.homeaway.com/vacation-rental/p670506vb	40.68747873	-73.97376197	10
642	https://www.homeaway.com/vacation-rental/p702015vb	40.675426	-74.011142	0
643	https://www.homeaway.com/vacation-rental/p784989vb	40.742628	-73.954856	3
644	https://www.homeaway.com/vacation-rental/p4330640	40.7045906	-74.0089036	13
645	https://www.homeaway.com/vacation-rental/p455484vb	40.6877179	-73.942211	0
646	https://www.homeaway.com/vacation-rental/p736488vb	40.686032899999994	-73.9378599	1
647	https://www.homeaway.com/vacation-rental/p850534vb	40.74851358	-73.99276113	9
648	https://www.homeaway.com/vacation-rental/p4173853	40.771665000000006	-73.909603	2
649	https://www.homeaway.com/vacation-rental/p4221027	40.83755557	-73.85767361	2
650	https://www.homeaway.com/vacation-rental/p4234637	40.747616	-73.9820334	7
651	https://www.homeaway.com/vacation-rental/p3009441	40.753745	-73.934617	6
652	https://www.homeaway.com/vacation-rental/p3761181	40.8187284	-73.9443725	4
653	https://www.homeaway.com/vacation-rental/p3775554	40.68286308	-73.93220904	2
654	https://www.homeaway.com/vacation-rental/p600575vb	40.72462134	-73.97662917	0
655	https://www.homeaway.com/vacation-rental/p634422vb	40.736299	-74.00433699999999	6
656	https://www.homeaway.com/vacation-rental/p3876708	40.756488	-73.917349	2
657	https://www.homeaway.com/vacation-rental/p4021060	40.64222	-74.0796	0
658	https://www.homeaway.com/vacation-rental/p787841vb	40.6624093	-73.8989588	4
659	https://www.homeaway.com/vacation-rental/p4089623	40.679418	-73.941704	2
660	https://www.homeaway.com/vacation-rental/p822408vb	40.77811628	-73.98327897	4
661	https://www.homeaway.com/vacation-rental/p4336204	40.72437	-73.980125	0
662	https://www.homeaway.com/vacation-rental/p1007936vb	40.73318123	-73.99799417	7
663	https://www.homeaway.com/vacation-rental/p4462427	40.83621614	-73.92665705	2
664	https://www.homeaway.com/vacation-rental/p171245vb	40.72599411	-73.99281311	8
665	https://www.homeaway.com/vacation-rental/p580478vb	40.70097434	-73.91438319	5
666	https://www.homeaway.com/vacation-rental/p1596143?uni_id=3179169	40.747553	-73.903276	4
667	https://www.homeaway.com/vacation-rental/p839040vb	40.817077000000005	-73.945239	3
668	https://www.homeaway.com/vacation-rental/p4295205	40.678238	-73.995754	2
669	https://www.homeaway.com/vacation-rental/p4320356	40.71739121	-73.99000587	7
670	https://www.homeaway.com/vacation-rental/p4358931	40.74501073	-73.97705775	2
671	https://www.homeaway.com/vacation-rental/p4458286	40.74492289	-74.00518623	3
672	https://www.homeaway.com/vacation-rental/p7015207	40.717874	-74.00497	12
673	https://www.homeaway.com/vacation-rental/p316175	40.72075232	-74.00547202	11
674	https://www.homeaway.com/vacation-rental/p136106vb	40.67495346	-73.98085022	2
675	https://www.homeaway.com/vacation-rental/p143422vb	40.78160858	-73.98245239	3
676	https://www.homeaway.com/vacation-rental/p177036	40.743753000000005	-73.997499	10
677	https://www.homeaway.com/vacation-rental/p989066	40.659146	-73.958123	4
678	https://www.homeaway.com/vacation-rental/p431828vb	40.798455	-73.81620699999999	0
679	https://www.homeaway.com/vacation-rental/p3823015	40.729046999999994	-73.98809	8
680	https://www.homeaway.com/vacation-rental/p3887492	40.7612432	-73.9918662	7
681	https://www.homeaway.com/vacation-rental/p4061553	40.763871	-73.987326	8
682	https://www.homeaway.com/vacation-rental/p4243160	40.760244	-73.717789	0
683	https://www.homeaway.com/vacation-rental/p963374vb	40.68993082	-73.92311005	3
684	https://www.homeaway.com/vacation-rental/p4359502	40.70732347	-74.00276174	12
685	https://www.homeaway.com/vacation-rental/p4531151	40.75839159	-73.96724246	6
686	https://www.homeaway.com/vacation-rental/p680955a	40.727117	-73.98734499999999	7
687	https://www.homeaway.com/vacation-rental/p418995vb	40.728306599999996	-73.9872687	7
688	https://www.homeaway.com/vacation-rental/p3811976	40.69281034	-73.75895537	0
689	https://www.homeaway.com/vacation-rental/p675219vb	40.694666	-73.97045899999999	1
690	https://www.homeaway.com/vacation-rental/p663218vb	40.83059289	-73.94617129	5
691	https://www.homeaway.com/vacation-rental/p4074580	40.71633563	-73.99994559	13
692	https://www.homeaway.com/vacation-rental/p4292565	40.756356	-73.9944858	9
693	https://www.homeaway.com/vacation-rental/p4373967	40.658958	-73.9494689	2
694	https://www.homeaway.com/vacation-rental/p1007397vb	40.7132698	-73.9398635	3
695	https://www.homeaway.com/vacation-rental/p4458606	40.77023699	-73.92166559	2
696	https://www.homeaway.com/vacation-rental/p4502116	40.72603318	-73.98815162	8
697	https://www.homeaway.com/vacation-rental/p247135vb	40.78738785	-73.96972656	5
698	https://www.homeaway.com/vacation-rental/p354370	40.726675	-73.978189	1
699	https://www.homeaway.com/vacation-rental/p364280	40.682891	-73.944647	2
700	https://www.homeaway.com/vacation-rental/p3928432	40.782161	-73.98434234	2
701	https://www.homeaway.com/vacation-rental/p4080447	40.67694756	-73.99605886	2
702	https://www.homeaway.com/vacation-rental/p3688097	40.684878999999995	-73.96852	7
703	https://www.homeaway.com/vacation-rental/p4220609	40.7665142	-73.98499809999998	8
704	https://www.homeaway.com/vacation-rental/p921180vb	40.7279636	-73.98344805	4
705	https://www.homeaway.com/vacation-rental/p4465988	40.641868	-73.970677	3
706	https://www.homeaway.com/vacation-rental/p4588933	40.72664057	-73.86026238	2
707	https://www.homeaway.com/vacation-rental/p365452	40.683023	-73.92814399999999	2
708	https://www.homeaway.com/vacation-rental/p411870vb	40.79216385	-73.96931458	6
709	https://www.homeaway.com/vacation-rental/p3011307	40.65466	-73.926135	0
710	https://www.homeaway.com/vacation-rental/p4031398	40.76275424	-73.97994684	11
711	https://www.homeaway.com/vacation-rental/p4075847	40.75429904	-73.93424385	6
712	https://www.homeaway.com/vacation-rental/p4108097	40.68571546	-73.94422519999999	3
713	https://www.homeaway.com/vacation-rental/p4152938	40.8416662	-73.94005859999999	4
714	https://www.homeaway.com/vacation-rental/p865610vb	40.67403764	-73.97670098	4
715	https://www.homeaway.com/vacation-rental/p4431318	40.775110999999995	-73.9886025	2
716	https://www.homeaway.com/vacation-rental/p4479601	40.61637226	-74.00374251	2
717	https://www.homeaway.com/vacation-rental/p236744vb	40.72569262	-73.98385574	3
718	https://www.homeaway.com/vacation-rental/p940567	40.786381	-73.973435	4
719	https://www.homeaway.com/vacation-rental/p3677726	40.655475	-73.958775	4
720	https://www.homeaway.com/vacation-rental/p3775364	40.746913	-73.99201500000001	11
721	https://www.homeaway.com/vacation-rental/p3893551	40.795153000000006	-73.944659	4
722	https://www.homeaway.com/vacation-rental/p3998966	40.662757	-73.953055	4
723	https://www.homeaway.com/vacation-rental/p4281938	40.7526937	-73.97243979999999	3
724	https://www.homeaway.com/vacation-rental/p4336226	40.7273908	-73.9834466	4
725	https://www.homeaway.com/vacation-rental/p1021017vb	40.762885700000005	-73.98707569999999	10
726	https://www.homeaway.com/vacation-rental/p4489483?uni_id=5081485	40.760393	-73.96068299999999	5
727	https://www.homeaway.com/vacation-rental/p1032102vb	40.7622211	-73.9757063	12
728	https://www.homeaway.com/vacation-rental/p3876729	40.7720616	-73.9564595	4
729	https://www.homeaway.com/vacation-rental/p796238vb	40.76113597	-73.99160188	7
730	https://www.homeaway.com/vacation-rental/p853685vb	40.686452	-73.9202229	2
731	https://www.homeaway.com/vacation-rental/p4358207	40.6385229	-74.01532309999999	4
732	https://www.homeaway.com/vacation-rental/p4509085	40.71149724	-73.90921619	0
733	https://www.homeaway.com/vacation-rental/p344392	40.7783102	-73.98358809999999	4
734	https://www.homeaway.com/vacation-rental/p3465488	40.586983200000006	-73.95795030000001	1
735	https://www.homeaway.com/vacation-rental/p638966vb	40.684881	-73.950901	4
736	https://www.homeaway.com/vacation-rental/p3906822	40.79536011	-73.9655589	5
737	https://www.homeaway.com/vacation-rental/p3906223	40.84126993	-73.93994029999999	4
738	https://www.homeaway.com/vacation-rental/p716269vb	40.672734999999996	-73.976336	4
739	https://www.homeaway.com/vacation-rental/p797157vb	40.79608723	-73.97431722	2
740	https://www.homeaway.com/vacation-rental/p4171054	40.638259999999995	-73.9495	3
741	https://www.homeaway.com/vacation-rental/p4175974	40.576404600000004	-73.9851604	2
742	https://www.homeaway.com/vacation-rental/p881833vb	40.7358039	-74.0026186	6
743	https://www.homeaway.com/vacation-rental/p4273243	40.727117	-73.98734499999999	7
744	https://www.homeaway.com/vacation-rental/p4311271	40.719215999999996	-73.956532	3
745	https://www.homeaway.com/vacation-rental/p515763vb	40.78383058	-73.9778271	5
746	https://www.homeaway.com/vacation-rental/p1054856vb	40.715236600000004	-73.99195309999999	6
747	https://www.homeaway.com/vacation-rental/p1068480vb	40.60707523	-74.0115646	0
748	https://www.homeaway.com/vacation-rental/p997751	40.760940999999995	-73.989323	11
749	https://www.homeaway.com/vacation-rental/p3728771	40.64586446	-73.95651242	3
750	https://www.homeaway.com/vacation-rental/p3763812	40.795153000000006	-73.944659	4
751	https://www.homeaway.com/vacation-rental/p608706vb	40.684067	-73.92546	4
752	https://www.homeaway.com/vacation-rental/p3928489	40.76102547	-73.96111443	5
753	https://www.homeaway.com/vacation-rental/p805731vb	40.682264	-73.784152	0
754	https://www.homeaway.com/vacation-rental/p4139875	40.79232586	-73.94009798	3
755	https://www.homeaway.com/vacation-rental/p4200840	40.7371269	-73.98561	6
756	https://www.homeaway.com/vacation-rental/p4264767	40.81547288	-73.942141	3
757	https://www.homeaway.com/vacation-rental/p4076029	40.68561665	-73.98788811	9
758	https://www.homeaway.com/vacation-rental/p4076028	40.7436549	-73.9814906	5
759	https://www.homeaway.com/vacation-rental/p4303511	40.72726086	-73.95769085	2
760	https://www.homeaway.com/vacation-rental/p429304vb	40.730578	-73.955533	1
761	https://www.homeaway.com/vacation-rental/p515499vb	40.778242999999996	-73.981527	4
762	https://www.homeaway.com/vacation-rental/p590555vb	40.694055	-73.850211	2
763	https://www.homeaway.com/vacation-rental/p684688vb	40.76252488	-73.76881672	0
764	https://www.homeaway.com/vacation-rental/p3948140	40.76632705	-73.97835249	10
765	https://www.homeaway.com/vacation-rental/p737730vb	40.78212	-73.952534	4
766	https://www.homeaway.com/vacation-rental/p794136vb	40.7246763	-73.9807304	1
767	https://www.homeaway.com/vacation-rental/p794139vb	40.73116037	-73.98653218	5
768	https://www.homeaway.com/vacation-rental/p815098vb	40.813932	-73.946997	4
769	https://www.homeaway.com/vacation-rental/p6502353	40.718652	-73.9923807	12
770	https://www.homeaway.com/vacation-rental/p4193962	40.685549	-73.932856	1
771	https://www.homeaway.com/vacation-rental/p870663vb	40.7240942	-73.99337170000001	10
772	https://www.homeaway.com/vacation-rental/p959116vb	40.808200899999996	-73.941932	3
773	https://www.homeaway.com/vacation-rental/p7057929	40.677202	-73.96561700000001	5
774	https://www.homeaway.com/vacation-rental/p332750vb	40.709199	-73.805142	2
775	https://www.homeaway.com/vacation-rental/p3560627	40.6586584	-73.95098759999999	2
776	https://www.homeaway.com/vacation-rental/p578587vb	40.758373999999996	-73.962482	5
777	https://www.homeaway.com/vacation-rental/p617401vb	40.715317999999996	-73.948706	5
778	https://www.homeaway.com/vacation-rental/p4458294	40.73197906	-73.97725909	1
779	https://www.homeaway.com/vacation-rental/p4325509	40.80886611	-73.94216666	3
780	https://www.homeaway.com/vacation-rental/p4332649	40.684252	-73.923787	4
781	https://www.homeaway.com/vacation-rental/p4367411	40.77798736	-73.95179225	3
782	https://www.homeaway.com/vacation-rental/p984292vb	40.76793288	-73.98827588	5
783	https://www.homeaway.com/vacation-rental/p4482300	40.75761217	-73.96166834	4
784	https://www.homeaway.com/vacation-rental/p647968	40.7256	-73.990413	9
785	https://www.homeaway.com/vacation-rental/p191274	40.6828766	-73.9339766	2
786	https://www.homeaway.com/vacation-rental/p278021vb	40.74401855	-73.98110199	5
787	https://www.homeaway.com/vacation-rental/p533205	40.648718	-74.001675	3
788	https://www.homeaway.com/vacation-rental/p338649vb	40.73150635	-74.00691223	4
789	https://www.homeaway.com/vacation-rental/p3696420	40.7323802	-73.86687629999999	2
790	https://www.homeaway.com/vacation-rental/p3763879	40.795153000000006	-73.944659	4
791	https://www.homeaway.com/vacation-rental/p3772768	40.7916407	-73.94479940000001	2
792	https://www.homeaway.com/vacation-rental/p3850381	40.7473209	-73.9878645	12
793	https://www.homeaway.com/vacation-rental/p3886153	40.7824979	-73.946405	3
794	https://www.homeaway.com/vacation-rental/p3895813	40.746913	-73.99201500000001	11
795	https://www.homeaway.com/vacation-rental/p3910751	40.753558399999996	-73.971712	3
796	https://www.homeaway.com/vacation-rental/p3928445	40.76141553	-73.96094277	6
797	https://www.homeaway.com/vacation-rental/p3926889	40.78209601	-73.98442817	2
798	https://www.homeaway.com/vacation-rental/p3929209	40.78209601	-73.98434234	2
799	https://www.homeaway.com/vacation-rental/p3932654	40.78235597	-73.98425651	2
800	https://www.homeaway.com/vacation-rental/p3932644	40.78222599	-73.98434234	2
801	https://www.homeaway.com/vacation-rental/p3932628	40.7612205	-73.96085694	5
802	https://www.homeaway.com/vacation-rental/p707389vb	40.72069883	-74.00282859	12
803	https://www.homeaway.com/vacation-rental/p778629vb	40.661966	-73.990382	2
804	https://www.homeaway.com/vacation-rental/p4091122	40.726460499999995	-74.0033087	11
805	https://www.homeaway.com/vacation-rental/p4108924	40.70027395	-73.98625928	3
806	https://www.homeaway.com/vacation-rental/p4130872	40.7224005	-73.9899138	9
807	https://www.homeaway.com/vacation-rental/p4152934	40.84173113	-73.93988694	4
808	https://www.homeaway.com/vacation-rental/p863266vb	40.689656	-73.931554	2
809	https://www.homeaway.com/vacation-rental/p4211817	40.795146	-73.94468020000001	4
810	https://www.homeaway.com/vacation-rental/p4236818	40.73437004	-74.00780559	4
811	https://www.homeaway.com/vacation-rental/p4473002	40.75547348	-73.99434486	10
812	https://www.homeaway.com/vacation-rental/p900974vb	40.867683899999996	-73.84376390000001	1
813	https://www.homeaway.com/vacation-rental/p4478535	40.78738156	-73.97713648	4
814	https://www.homeaway.com/vacation-rental/p1030326vb	40.74330776	-73.95671135	3
815	https://www.homeaway.com/vacation-rental/p4436845	40.70524754	-74.00477058	13
816	https://www.homeaway.com/vacation-rental/p4498859	40.7273908	-73.9834466	4
817	https://www.homeaway.com/vacation-rental/p4458291	40.71962165	-73.98064363	2
818	https://www.homeaway.com/vacation-rental/p4516525	40.7433573	-73.9983275	8
819	https://www.homeaway.com/vacation-rental/p4528732	40.7468676	-73.9920464	11
820	https://www.homeaway.com/vacation-rental/p4560073	40.78007204	-73.9851519	3
821	https://www.homeaway.com/vacation-rental/p206384	40.6828766	-73.9339766	2
822	https://www.homeaway.com/vacation-rental/p3686437	40.81853353	-73.94454416	4
823	https://www.homeaway.com/vacation-rental/p669282vb	40.643538899999996	-73.95429200000001	2
824	https://www.homeaway.com/vacation-rental/p4273369	40.815282	-73.948522	3
825	https://www.homeaway.com/vacation-rental/p1015708vb	40.73356825	-74.00527952	5
826	https://www.homeaway.com/vacation-rental/p1069525vb	40.8265042	-73.94020309999999	5
827	https://www.homeaway.com/vacation-rental/p907252	40.7328258	-73.9910848	6
828	https://www.homeaway.com/vacation-rental/p390676vb	40.67901611	-73.99475861	2
829	https://www.homeaway.com/vacation-rental/p3887192	40.73586974	-73.98760063	7
830	https://www.homeaway.com/vacation-rental/p4315728	40.7144746	-73.9465757	4
831	https://www.homeaway.com/vacation-rental/p4517139	40.69291179	-73.94873369	3
832	https://www.homeaway.com/vacation-rental/p4524941	40.668684000000006	-73.9887647	5
833	https://www.homeaway.com/vacation-rental/p1075002vb	40.67035961	-73.97896197	1
834	https://www.homeaway.com/vacation-rental/p4602872	40.72773135	-73.98338542	4
835	https://www.homeaway.com/vacation-rental/p211523vb	40.73476522	-74.01226479	1
836	https://www.homeaway.com/vacation-rental/p230441	40.744023	-73.981105	5
837	https://www.homeaway.com/vacation-rental/p476326vb	40.6398439	-73.964815	3
838	https://www.homeaway.com/vacation-rental/p570216vb	40.726576	-73.995681	10
839	https://www.homeaway.com/vacation-rental/p3854532	40.80771	-73.949985	4
840	https://www.homeaway.com/vacation-rental/p3857693	40.7473209	-73.9878645	12
841	https://www.homeaway.com/vacation-rental/p795967vb	40.7575664	-73.9133246	3
842	https://www.homeaway.com/vacation-rental/p4113555	40.771665000000006	-73.909603	2
843	https://www.homeaway.com/vacation-rental/p4158813	40.7164075	-73.99099897	7
844	https://www.homeaway.com/vacation-rental/p4173829	40.70696042	-73.83624087	0
845	https://www.homeaway.com/vacation-rental/p887935vb	40.7167635	-73.9912977	8
846	https://www.homeaway.com/vacation-rental/p4191692	40.742609200000004	-73.907335	2
847	https://www.homeaway.com/vacation-rental/p4301272	40.7513786	-73.9707598	3
848	https://www.homeaway.com/vacation-rental/p926147vb	40.7526937	-73.97243979999999	3
849	https://www.homeaway.com/vacation-rental/p4312178	40.67225227	-73.93215933	1
850	https://www.homeaway.com/vacation-rental/p3520302	40.81394263	-73.94994339	5
851	https://www.homeaway.com/vacation-rental/p126012	40.591254299999996	-74.06701070000001	0
852	https://www.homeaway.com/vacation-rental/p3007826	40.779214	-73.975646	4
853	https://www.homeaway.com/vacation-rental/p3488786	40.682646999999996	-73.933918	2
854	https://www.homeaway.com/vacation-rental/p570215vb	40.726576	-73.995681	10
855	https://www.homeaway.com/vacation-rental/p753129vb	40.72461825	-73.76794925	0
856	https://www.homeaway.com/vacation-rental/p830850vb	40.684160799999994	-73.9926031	2
857	https://www.homeaway.com/vacation-rental/p4221024	40.83737505	-73.85743972	2
858	https://www.homeaway.com/vacation-rental/p4250216	40.5710148	-74.09637459999999	0
859	https://www.homeaway.com/vacation-rental/p4487096	40.65466	-73.926135	0
860	https://www.homeaway.com/vacation-rental/p4494916	40.775439	-73.954605	3
861	https://www.homeaway.com/vacation-rental/p599661vb	40.7247753	-73.94227640000001	1
862	https://www.homeaway.com/vacation-rental/p197175vb	40.64346165	-74.07752429	0
863	https://www.homeaway.com/vacation-rental/p173083	40.68634701	-73.92556871	2
864	https://www.homeaway.com/vacation-rental/p210898	40.741289	-74.0046969	5
865	https://www.homeaway.com/vacation-rental/p356911	40.802828000000005	-73.946202	5
866	https://www.homeaway.com/vacation-rental/p337709	40.7726328	-73.9063071	1
867	https://www.homeaway.com/vacation-rental/p394437	40.824658	-73.945515	4
868	https://www.homeaway.com/vacation-rental/p933112	40.76139391	-73.9811321	12
869	https://www.homeaway.com/vacation-rental/p503385vb	40.726839500000004	-74.0023417	10
870	https://www.homeaway.com/vacation-rental/p3918409	40.75972096	-73.98772182	11
871	https://www.homeaway.com/vacation-rental/p3957915	40.715109999999996	-73.993808	8
872	https://www.homeaway.com/vacation-rental/p3956618	40.58914448	-73.79368425	2
873	https://www.homeaway.com/vacation-rental/p3924979	40.7019198	-73.9085484	5
874	https://www.homeaway.com/vacation-rental/p4053458	40.76427688	-73.97808519	11
875	https://www.homeaway.com/vacation-rental/p898886vb	40.75239059	-73.9897713	13
876	https://www.homeaway.com/vacation-rental/p6833341	40.76761029	-73.99249446	1
877	https://www.homeaway.com/vacation-rental/p4382552	40.803732200000006	-73.9501593	4
878	https://www.homeaway.com/vacation-rental/p4422527	40.71186571	-73.96633843	1
879	https://www.homeaway.com/vacation-rental/p995781vb	40.6885194	-73.9706275	6
880	https://www.homeaway.com/vacation-rental/p1021971vb	40.7012956	-73.9443838	5
881	https://www.homeaway.com/vacation-rental/p298342	40.576302	-74.135924	0
882	https://www.homeaway.com/vacation-rental/p394372vb	40.71094131	-73.78458405	2
883	https://www.homeaway.com/vacation-rental/p3812944	40.789849600000004	-73.9757122	4
884	https://www.homeaway.com/vacation-rental/p642100vb	40.680545	-73.97154990000001	8
885	https://www.homeaway.com/vacation-rental/p4080557	40.79233398	-73.94028037	3
886	https://www.homeaway.com/vacation-rental/p4312673	40.78980821	-73.94856489	4
887	https://www.homeaway.com/vacation-rental/p4239883	40.78045304	-73.98187863	4
888	https://www.homeaway.com/vacation-rental/p967944vb	40.8495809	-73.9374925	4
889	https://www.homeaway.com/vacation-rental/p4423357	40.71267354	-73.95716201	5
890	https://www.homeaway.com/vacation-rental/p4534889	40.78981013	-73.9455583	4
891	https://www.homeaway.com/vacation-rental/p241908vb	40.74315643	-74.00157928	7
892	https://www.homeaway.com/vacation-rental/p452269vb	40.687544	-73.96288	3
893	https://www.homeaway.com/vacation-rental/p478287vb	40.7471609	-73.9819567	6
894	https://www.homeaway.com/vacation-rental/p756740vb	40.77692886	-73.98141823	4
895	https://www.homeaway.com/vacation-rental/p700277vb	40.71509075	-73.94627844	4
896	https://www.homeaway.com/vacation-rental/p4211205	40.666883899999995	-73.94486628	4
897	https://www.homeaway.com/vacation-rental/p4220990	40.7715836	-73.92371458	2
898	https://www.homeaway.com/vacation-rental/p4247811	40.63385	-73.905575	0
899	https://www.homeaway.com/vacation-rental/p4370378	40.7450282	-73.9817657	6
900	https://www.homeaway.com/vacation-rental/p995907vb	40.6725919	-73.96092829999999	4
901	https://www.homeaway.com/vacation-rental/p4359504	40.71344570000001	-73.93968956	3
902	https://www.homeaway.com/vacation-rental/p4464683	40.720087899999996	-73.90520699999999	0
903	https://www.homeaway.com/vacation-rental/p4469727	40.74269448	-73.99091340000001	10
904	https://www.homeaway.com/vacation-rental/p4509025	40.75922208	-73.96132642	5
905	https://www.homeaway.com/vacation-rental/p4511784	40.7681768	-73.99565433	0
906	https://www.homeaway.com/vacation-rental/p1097478vb	40.7566553	-73.81300290000001	0
907	https://www.homeaway.com/vacation-rental/p680955a?uni_id=1644988	40.727117	-73.98734499999999	7
908	https://www.homeaway.com/vacation-rental/p3525451	40.69311	-73.94469699999999	2
909	https://www.homeaway.com/vacation-rental/p615106vb	40.72193149	-73.97380528	0
910	https://www.homeaway.com/vacation-rental/p3820123	40.753834000000005	-73.9674	2
911	https://www.homeaway.com/vacation-rental/p685635vb	40.67524181	-73.930188	2
912	https://www.homeaway.com/vacation-rental/p713996vb	40.776840899999996	-73.9800645	4
913	https://www.homeaway.com/vacation-rental/p4200928	40.741631	-73.982862	5
914	https://www.homeaway.com/vacation-rental/p4237376	40.7474243	-73.98606009999999	12
915	https://www.homeaway.com/vacation-rental/p4360125	40.635137	-74.121087	0
916	https://www.homeaway.com/vacation-rental/p841453vb	40.74822004	-73.97663163	3
917	https://www.homeaway.com/vacation-rental/p1041692vb	40.80449776	-73.93718777	2
918	https://www.homeaway.com/vacation-rental/p4534854	40.72846395	-73.97848742	1
919	https://www.homeaway.com/vacation-rental/p39379vb	40.74384308	-73.98249054	5
920	https://www.homeaway.com/vacation-rental/p255762	40.7397496	-74.0025546	7
921	https://www.homeaway.com/vacation-rental/p3850331	40.7473209	-73.9878645	12
922	https://www.homeaway.com/vacation-rental/p3898324	40.75269636	-73.97269627	4
923	https://www.homeaway.com/vacation-rental/p3918715	40.7591268	-73.9838697	15
924	https://www.homeaway.com/vacation-rental/p3931808	40.7765408	-73.90688859999999	1
925	https://www.homeaway.com/vacation-rental/p717502vb	40.7684489	-73.954909	3
926	https://www.homeaway.com/vacation-rental/p4024260	40.79239084	-73.93992632	3
927	https://www.homeaway.com/vacation-rental/p768000vb	40.72479653	-73.98073133	1
928	https://www.homeaway.com/vacation-rental/p812295vb	40.739670600000004	-73.999596	8
929	https://www.homeaway.com/vacation-rental/p4270869	40.74192359	-73.98277672	5
930	https://www.homeaway.com/vacation-rental/p4359955	40.76447018	-73.98502559	9
931	https://www.homeaway.com/vacation-rental/p4482296	40.68820329	-73.94722658	1
932	https://www.homeaway.com/vacation-rental/p1038101vb	40.72660051	-73.98729047	7
933	https://www.homeaway.com/vacation-rental/p4597643	40.73095605	-73.83001759999999	0
934	https://www.homeaway.com/vacation-rental/p911375	40.736018	-73.8809859	2
935	https://www.homeaway.com/vacation-rental/p902622	40.672437	-73.9918	4
936	https://www.homeaway.com/vacation-rental/p3675030	40.7606212	-73.9657383	5
937	https://www.homeaway.com/vacation-rental/p562943vb	40.803793	-73.949249	4
938	https://www.homeaway.com/vacation-rental/p584205vb	40.685735	-73.99891600000001	2
939	https://www.homeaway.com/vacation-rental/p771086vb	40.683717	-73.9285079	1
940	https://www.homeaway.com/vacation-rental/p782891vb	40.724788399999994	-73.98065623	1
941	https://www.homeaway.com/vacation-rental/p4102970	40.736868	-73.92499699999999	1
942	https://www.homeaway.com/vacation-rental/p4155809	40.73474416	-74.00319834	6
943	https://www.homeaway.com/vacation-rental/p4071458	40.655758	-73.921116	1
944	https://www.homeaway.com/vacation-rental/p924256vb	40.605820200000004	-74.00926098	1
945	https://www.homeaway.com/vacation-rental/p4363814	40.71071689	-73.94147501	4
946	https://www.homeaway.com/vacation-rental/p4173003	40.81973728	-73.92693909	3
947	https://www.homeaway.com/vacation-rental/p4434273	40.675955	-73.923389	2
948	https://www.homeaway.com/vacation-rental/p991288vb	40.7586572	-73.962228	5
949	https://www.homeaway.com/vacation-rental/p1001666vb	40.75256160000001	-73.98981850000001	12
950	https://www.homeaway.com/vacation-rental/p1026538vb	40.77769682	-73.98122179	4
951	https://www.homeaway.com/vacation-rental/p4458288	40.72410009	-73.98249433	3
952	https://www.homeaway.com/vacation-rental/p4496607	40.753236	-73.966554	2
953	https://www.homeaway.com/vacation-rental/p252465	40.644057200000006	-73.9832998	1
954	https://www.homeaway.com/vacation-rental/p320337vb	40.71445867	-73.96883835	0
955	https://www.homeaway.com/vacation-rental/p346132	40.759287	-73.969888	7
956	https://www.homeaway.com/vacation-rental/p950107	40.599462	-74.00085899999999	2
957	https://www.homeaway.com/vacation-rental/p444335vb	40.716184999999996	-74.00760600000001	18
958	https://www.homeaway.com/vacation-rental/p928875	40.748426	-74.002516	3
959	https://www.homeaway.com/vacation-rental/p3850390	40.7473209	-73.9878645	12
960	https://www.homeaway.com/vacation-rental/p730841vb	40.74227086	-73.99678922	10
961	https://www.homeaway.com/vacation-rental/p755525vb	40.675371999999996	-73.930188	2
962	https://www.homeaway.com/vacation-rental/p4086848	40.79488445	-73.95047152	3
963	https://www.homeaway.com/vacation-rental/p4336210	40.7279941	-73.98469709999999	5
964	https://www.homeaway.com/vacation-rental/p982472vb	40.79715071	-73.93507598	1
965	https://www.homeaway.com/vacation-rental/p4501158	40.77636428	-73.95490816	3
966	https://www.homeaway.com/vacation-rental/p90186	40.60633496	-73.82209808	1
967	https://www.homeaway.com/vacation-rental/p269291	40.800391999999995	-73.951387	4
968	https://www.homeaway.com/vacation-rental/p354207	40.681178	-73.931198	1
969	https://www.homeaway.com/vacation-rental/p3694022	40.726926	-73.955287	2
970	https://www.homeaway.com/vacation-rental/p575771vb	40.681858	-73.96244200000001	3
971	https://www.homeaway.com/vacation-rental/p613527vb	40.681954	-73.989216	3
972	https://www.homeaway.com/vacation-rental/p637794vb	40.727928000000006	-73.826365	0
973	https://www.homeaway.com/vacation-rental/p647105vb	40.76441302	-73.99064852	5
974	https://www.homeaway.com/vacation-rental/p3908785	40.662267	-73.986283	3
975	https://www.homeaway.com/vacation-rental/p3939901	40.683174	-73.933252	2
976	https://www.homeaway.com/vacation-rental/p732720vb	40.68124837	-73.97218461	9
977	https://www.homeaway.com/vacation-rental/p4035015	40.767016999999996	-73.771054	0
978	https://www.homeaway.com/vacation-rental/p797156vb	40.8152657	-73.9420753	3
979	https://www.homeaway.com/vacation-rental/p803672vb	40.675558	-73.964812	6
980	https://www.homeaway.com/vacation-rental/p724487vb	40.68824363	-73.92566165	3
981	https://www.homeaway.com/vacation-rental/p885337vb	40.6777453	-73.98024609999999	5
982	https://www.homeaway.com/vacation-rental/p4278805	40.68655067	-73.95549103	4
983	https://www.homeaway.com/vacation-rental/p4316255	40.760117	-73.990055	11
984	https://www.homeaway.com/vacation-rental/p4348923	40.72931434	-74.00358364	6
985	https://www.homeaway.com/vacation-rental/p4366596	40.78706272	-73.95337861	3
986	https://www.homeaway.com/vacation-rental/p4427563	40.67908931	-73.99888081	2
987	https://www.homeaway.com/vacation-rental/p4463665	40.74632789	-73.98933975	13
988	https://www.homeaway.com/vacation-rental/p4482530	40.7443999	-73.9764532	2
989	https://www.homeaway.com/vacation-rental/p1024128vb	40.686336499999996	-73.9772446	9
990	https://www.homeaway.com/vacation-rental/p1082119vb	40.81018461	-73.95180826	3
991	https://www.homeaway.com/vacation-rental/p3724080	40.685592	-73.938315	1
992	https://www.homeaway.com/vacation-rental/p3858498	40.7471519	-73.9874622	12
993	https://www.homeaway.com/vacation-rental/p731807vb	40.7613979	-73.9746128	13
994	https://www.homeaway.com/vacation-rental/p4021671	40.662757	-73.953055	4
995	https://www.homeaway.com/vacation-rental/p781162vb	40.7956334	-73.97309720000001	2
996	https://www.homeaway.com/vacation-rental/p4114190	40.79245582	-73.94026965	3
997	https://www.homeaway.com/vacation-rental/p4172725	40.71998946	-73.99916573	14
998	https://www.homeaway.com/vacation-rental/p4178466	40.693146	-73.83886983	2
999	https://www.homeaway.com/vacation-rental/p4202750	40.7395718	-73.98147220000001	4
